occ_code,avg_sal_min,avg_sal_max,median_sal,mean_exp,median_exp,job_post_count
11140,3650.0,4500.0,4075.0,0.0,0.0,2
11150,7658.333333333333,11275.0,7500.0,5.25,5.0,12
11160,4850.0,6620.0,4875.0,5.0,5.0,10
11201,6168.75,9568.75,7550.0,4.8125,4.5,32
11202,8643.478260869566,12552.173913043478,10000.0,7.217391304347826,5.0,23
11203,7566.666666666667,11876.666666666666,8000.0,5.5,5.0,30
12111,5731.065789473684,7634.176315789474,5750.0,4.923684210526316,5.0,380
12112,3406.6496350364964,4973.4525547445255,3250.0,2.7372262773722627,2.0,137
12113,5479.234042553191,7950.106382978724,5600.0,4.212765957446808,3.0,94
12121,5063.343181818182,7016.952272727272,5000.0,4.384090909090909,4.0,440
12122,3000.0,4500.0,3750.0,3.0,3.0,1
12123,3493.451327433628,5515.858407079646,3900.0,1.761061946902655,1.0,113
12131,7293.333333333333,11400.0,4500.0,2.6666666666666665,0.0,3
12132,5690.277777777777,10058.333333333334,7500.0,3.1666666666666665,2.0,72
12133,7022.644444444444,11819.31111111111,7500.0,5.2,5.0,45
12191,4279.090909090909,5715.964646464647,4500.0,3.8686868686868685,3.0,198
12192,3651.1111111111113,4984.444444444444,4000.0,2.6666666666666665,3.0,9
12193,3969.491525423729,5829.661016949152,4000.0,2.711864406779661,2.0,59
12194,7212.5,9437.5,6000.0,6.375,3.0,8
12199,4558.333333333333,5641.666666666667,3925.0,2.6666666666666665,3.0,12
12211,4336.657190635451,6572.040133779265,4500.0,3.0785953177257523,3.0,598
12212,6069.526315789473,8748.377192982456,6500.0,4.1535087719298245,4.0,228
12213,6834.507936507936,10002.777777777777,6000.0,4.432539682539683,3.0,252
12214,5131.428571428572,7231.428571428572,5500.0,4.485714285714286,3.0,35
12215,4056.6548672566373,5601.079646017699,3850.0,2.1238938053097347,2.0,113
12221,5037.857142857143,6885.714285714285,5725.0,3.6785714285714284,4.0,28
12222,4943.953608247422,7268.494845360825,4500.0,3.329896907216495,3.0,194
12230,8064.625,12083.375,8337.5,5.166666666666667,5.0,24
12241,4103.498599439776,6080.683473389356,4250.0,2.526610644257703,2.0,357
12242,3281.417322834646,4346.902887139107,3500.0,1.9763779527559056,2.0,381
13210,4891.191176470588,21348.514705882353,4575.0,4.3088235294117645,3.0,68
13230,5491.767064846416,8314.537542662116,6250.0,5.0,5.0,1172
13241,4189.145922746781,5778.615879828326,3750.0,3.3991416309012874,3.0,466
13242,4392.805460750853,6123.795221843004,4250.0,3.63481228668942,3.0,293
13243,4789.473684210527,6326.315789473684,4500.0,3.6491228070175437,3.0,57
13244,4771.909090909091,6555.272727272727,3949.5,2.5454545454545454,2.0,11
13245,4723.728813559322,6798.3050847457625,5000.0,3.2711864406779663,3.0,59
13291,6389.677419354839,9210.322580645161,6875.0,4.919354838709677,4.0,62
13292,5029.120253164557,6672.411392405063,5000.0,3.9873417721518987,3.0,158
13301,8304.954954954956,11924.027027027027,8000.0,6.09009009009009,5.0,111
13302,7951.0204081632655,11567.34693877551,9000.0,6.326530612244898,6.0,98
13303,5330.976368159204,7794.228855721393,5750.0,3.9378109452736316,3.0,804
13304,6115.328947368421,8471.315789473685,7000.0,4.842105263157895,5.0,152
13305,8216.196078431372,11748.627450980392,9500.0,5.607843137254902,5.0,51
13306,8397.150943396226,13633.0,9500.0,6.490566037735849,5.0,53
13410,3274.86,4411.555555555556,3500.0,2.1977777777777776,1.0,450
13420,4743.197674418605,6781.337209302325,4750.0,2.9825581395348837,2.0,172
13430,3279.7235294117645,4427.517647058824,3100.0,2.6882352941176473,2.0,170
13441,4200.234042553191,5222.04255319149,4550.0,3.425531914893617,3.0,47
13442,3569.3829787234044,4645.95744680851,3700.0,2.4468085106382977,2.0,47
13451,3597.5325443786983,5250.248520710059,3250.0,2.7041420118343193,2.0,169
13459,4237.7464788732395,6182.5352112676055,3500.0,2.5211267605633805,2.0,71
13461,8059.0,12238.476923076923,7750.0,5.207692307692308,5.0,130
13462,5282.608695652174,7167.391304347826,5900.0,3.347826086956522,3.0,23
13463,6438.298076923077,8722.115384615385,6325.0,4.3076923076923075,4.0,104
13491,3778.2,4479.4,3700.0,1.6,2.0,5
13492,4025.3447098976108,5583.686006825938,3910.0,2.887372013651877,2.0,293
13493,4315.0,6260.714285714285,4900.0,3.4285714285714284,3.0,14
13499,3100.0,5200.0,4150.0,3.0,3.0,1
14110,3515.958762886598,4636.350515463918,3750.0,3.3350515463917527,3.0,194
14121,3457.0111683848795,4907.9252577319585,3650.0,2.5781786941580758,2.0,1164
14122,3512.26,4802.36,3850.0,2.78,2.0,50
14123,3886.3204225352115,5510.292253521126,4025.0,3.119718309859155,3.0,284
14201,4433.193277310925,6256.72268907563,4500.0,3.7815126050420167,3.0,119
14202,5211.111111111111,8422.222222222223,4500.0,3.888888888888889,5.0,9
14310,3423.076923076923,4458.461538461538,3400.0,2.6153846153846154,2.0,13
14321,6442.857142857143,8642.857142857143,2550.0,5.142857142857143,0.0,7
14322,3600.0,4333.333333333333,3300.0,2.0,1.0,9
14323,3540.5882352941176,5138.235294117647,4225.0,2.3823529411764706,1.0,34
14324,4419.057142857143,6638.0952380952385,5000.0,3.3523809523809525,3.0,105
14325,3599.818181818182,5112.75,3625.0,2.7954545454545454,2.0,44
14330,3927.777777777778,5901.111111111111,5000.0,2.4444444444444446,2.0,9
14391,3255.0471698113206,4417.688679245283,3450.0,1.9339622641509433,1.0,106
14392,4977.083333333333,7037.5,4437.5,4.083333333333333,4.5,24
14399,3250.0,4750.0,4000.0,1.5,1.5,2
21120,5333.333333333333,9166.666666666666,7500.0,3.6666666666666665,3.0,3
21130,4285.714285714285,6400.0,5000.0,2.0,2.0,7
21141,3385.714285714286,5342.857142857143,4500.0,2.4285714285714284,2.0,7
21142,5000.0,6500.0,5750.0,2.0,2.0,1
21211,5666.666666666667,10166.666666666666,8375.0,1.1666666666666667,1.0,6
21212,6423.454545454545,9553.454545454546,6275.0,3.409090909090909,3.0,22
21213,6191.666666666667,9433.333333333334,7500.0,4.083333333333333,3.5,12
21221,5050.0,6833.333333333333,5500.0,2.6666666666666665,2.0,9
21222,6774.411764705882,9983.823529411764,7875.0,4.0,4.5,34
21231,7200.0,10100.0,9750.0,5.8,8.0,5
21239,5000.0,8000.0,6500.0,2.0,2.0,1
21311,3000.0,6000.0,4500.0,2.0,2.0,1
21319,4000.0,6500.0,5250.0,0.5,0.5,2
21321,4050.0,6640.0,4750.0,1.8,2.0,5
21322,2400.0,3600.0,3000.0,1.0,1.0,1
21323,2920.0,3860.0,3150.0,1.6,1.0,5
21329,4392.857142857143,6571.428571428572,6000.0,0.8571428571428571,1.0,7
21331,6490.0,9900.0,4750.0,4.6,3.0,20
21332,4650.0,9300.0,6975.0,1.0,1.0,2
21333,3403.846153846154,4803.846153846154,3900.0,2.6153846153846154,2.0,13
21339,3333.3333333333335,5900.0,4850.0,5.0,3.0,3
21341,5112.5,7737.5,5825.0,1.125,1.0,8
21342,3295.0,4615.0,3925.0,1.9,2.0,20
21343,2900.0,4750.0,3825.0,1.5,1.5,2
21344,4600.0,6000.0,5300.0,3.0,3.0,1
21345,6666.666666666667,10700.0,4750.0,3.6666666666666665,1.0,3
21346,6623.833333333333,12016.666666666666,8360.75,4.166666666666667,3.5,6
21347,4210.6736842105265,6304.5368421052635,4750.0,1.9052631578947368,2.0,95
21349,6441.666666666667,12000.0,6937.5,2.0,0.5,6
21411,4587.037037037037,6655.555555555556,5250.0,3.925925925925926,4.5,54
21412,4317.38947368421,6153.263157894737,4850.0,3.9894736842105263,3.0,95
21413,4849.2307692307695,7072.307692307692,5000.0,3.3076923076923075,3.0,65
21414,4108.205128205128,5850.358974358975,4575.0,3.194871794871795,3.0,390
21415,4719.375,6856.666666666667,5150.0,4.004166666666666,3.0,240
21421,4538.709677419355,6480.645161290323,5000.0,3.532258064516129,3.0,62
21422,4970.6122448979595,7489.3877551020405,5050.0,4.6571428571428575,4.0,245
21430,4083.3333333333335,6466.666666666667,5625.0,2.8333333333333335,3.5,6
21441,4811.320754716981,7176.415094339623,5150.0,4.245283018867925,3.0,53
21442,3991.304347826087,5700.0,4900.0,2.869565217391304,3.0,23
21443,4125.0,6133.333333333333,5125.0,3.5,3.5,12
21444,3985.4054054054054,5464.864864864865,4150.0,3.3783783783783785,3.0,74
21451,5000.0,5500.0,5250.0,5.0,5.0,2
21453,4750.0,9500.0,7125.0,1.0,1.0,2
21454,4356.25,6425.0,4875.0,2.65625,2.0,32
21460,5600.0,7800.0,6700.0,8.0,8.0,2
21471,13666.666666666666,15666.666666666666,15750.0,9.0,10.0,3
21472,4000.0,5250.0,4625.0,2.0,2.0,2
21473,4561.111111111111,6422.222222222223,5350.0,4.222222222222222,3.0,9
21474,5342.857142857143,7852.380952380952,5825.0,3.142857142857143,3.0,21
21475,10000.0,13000.0,11500.0,10.0,10.0,1
21491,4254.545454545455,5518.181818181818,4750.0,2.0,2.0,11
21492,5020.0,9300.0,8225.0,0.8,0.0,10
21493,4742.857142857143,6352.380952380952,4700.0,3.9047619047619047,3.0,21
21494,3828.6352040816328,5884.767857142857,4375.0,2.816326530612245,2.0,784
21495,5600.0,8000.0,6800.0,6.0,6.0,1
21496,4435.9375,6606.25,5375.0,3.09375,3.0,32
21497,5452.659090909091,8286.363636363636,5625.0,4.340909090909091,3.0,44
21498,5544.444444444444,8066.666666666667,5500.0,3.6666666666666665,3.0,18
21499,5073.333333333333,6836.666666666667,5900.0,1.2,0.0,15
21511,4801.123595505618,6977.528089887641,5500.0,3.853932584269663,3.0,89
21512,4921.0526315789475,7498.684210526316,5025.0,3.6973684210526314,3.0,76
21513,3722.222222222222,4944.444444444444,4250.0,3.888888888888889,5.0,9
21521,5185.714285714285,7871.428571428572,6375.0,3.142857142857143,3.0,14
21522,4500.0,5200.0,4850.0,1.0,1.0,2
21523,5494.549295774648,8754.704225352112,6898.5,3.352112676056338,3.0,71
21524,3960.0,5340.0,3750.0,1.4,1.0,5
21525,4535.714285714285,6300.0,4500.0,4.285714285714286,3.0,14
21526,5784.523809523809,8417.761904761905,6625.0,4.0476190476190474,5.0,42
21531,3257.5,4830.0,4075.0,1.0,0.5,4
21532,6268.529411764706,8661.764705882353,7250.0,4.647058823529412,3.0,17
21610,4381.858316221766,6436.4558521560575,5000.0,3.9055441478439423,3.0,487
21622,4111.111111111111,6030.555555555556,4075.0,2.8333333333333335,2.0,18
21631,2865.0,4190.0,3175.0,1.4,1.0,20
21632,3460.0,5540.0,4000.0,1.9142857142857144,2.0,35
21641,5181.25,8312.5,6125.0,4.125,3.0,8
21649,3500.0,5000.0,4250.0,2.0,2.0,1
21651,3980.0,5810.0,4875.0,2.7,3.0,10
21652,3750.0,5250.0,4500.0,2.0,2.0,2
21661,2900.909090909091,4270.018181818182,3400.0,2.3636363636363638,2.0,55
21662,2562.5,3519.6428571428573,2925.0,1.7857142857142858,1.0,28
21669,3573.684210526316,5360.526315789473,3500.0,2.526315789473684,2.0,19
21670,5284.090909090909,7413.636363636364,6250.0,3.5,3.0,44
21711,4320.953488372093,6004.674418604651,4500.0,3.255813953488372,3.0,43
21712,5937.614678899083,7941.743119266055,5750.0,3.8807339449541285,3.0,109
21713,6553.333333333333,9015.555555555555,6000.0,3.933333333333333,2.0,45
21714,5894.444444444444,8224.074074074075,5125.0,3.1296296296296298,2.0,54
21721,5710.0,9300.0,6000.0,4.2,3.0,5
21722,2860.0,3833.3333333333335,3465.0,1.0,1.0,6
21723,3220.0,4860.0,4150.0,2.8,3.0,5
21724,2583.3333333333335,3737.5,2787.5,1.4166666666666667,1.0,12
21729,2700.0,5100.0,3500.0,0.3333333333333333,0.0,3
22110,7238.684210526316,11163.421052631578,8500.0,2.6052631578947367,3.0,38
22121,3659.375,6350.0,5250.0,2.0625,2.0,16
22122,3000.0,5000.0,4000.0,1.0,1.0,1
22123,3000.0,6000.0,4500.0,1.0,1.0,1
22124,4377.777777777777,5911.111111111111,3750.0,2.4444444444444446,2.0,9
22125,3371.4285714285716,4810.0,4400.0,1.7142857142857142,2.0,7
22126,9250.0,12500.0,10875.0,1.0,1.0,2
22127,3131.25,4887.5,4050.0,1.75,2.0,8
22128,4086.6666666666665,6287.333333333333,5500.0,0.8,1.0,15
22129,6642.857142857143,11714.285714285714,9250.0,3.2857142857142856,3.0,7
22131,3493.125,5248.4375,4250.0,1.875,2.0,32
22132,4166.666666666667,7500.0,5500.0,4.0,5.0,3
22134,3820.0,7840.0,5830.0,2.0,2.0,1
22135,5987.846153846154,9185.0,5000.0,2.5384615384615383,2.0,13
22137,12480.0,18920.0,14000.0,2.2,2.0,5
22138,11900.0,20025.0,14700.0,5.0,4.0,4
22139,3384.6153846153848,5061.538461538462,4150.0,1.6923076923076923,1.0,13
22141,2000.0,4000.0,3000.0,3.0,3.0,1
22142,4400.0,7291.666666666667,5500.0,1.8333333333333333,2.0,12
22143,3171.4285714285716,5433.333333333333,4350.0,0.7142857142857143,1.0,21
22144,3477.777777777778,5022.222222222223,4150.0,2.2222222222222223,2.0,9
22145,11750.0,15200.0,7250.0,1.6666666666666667,2.0,6
22146,3587.5,5162.5,4275.0,1.25,1.0,4
22147,7107.142857142857,9642.857142857143,6000.0,2.4285714285714284,2.0,7
22148,3366.6666666666665,4066.6666666666665,4000.0,2.0,2.0,3
22149,7403.333333333333,13583.333333333334,9750.0,4.333333333333333,5.0,3
22200,3356.9156626506024,5287.578313253012,4000.0,2.144578313253012,1.0,166
22301,3976.285714285714,6808.571428571428,4350.0,2.5714285714285716,2.0,70
22302,2828.0,4720.0,3900.0,2.0,2.0,25
22500,5667.857142857143,9639.285714285714,7500.0,2.142857142857143,2.0,14
22611,4000.0,8000.0,6000.0,1.5,1.5,2
22621,3569.5,5703.583333333333,4912.5,1.7666666666666666,2.0,60
22629,2600.0,5000.0,3800.0,2.0,2.0,1
22631,4620.0,6293.513513513513,5250.0,3.9945945945945946,3.0,185
22632,4962.5,7246.875,5750.0,2.5625,2.0,16
22640,4281.951219512195,6828.292682926829,5300.0,3.102439024390244,2.0,205
22651,3461.6666666666665,5571.666666666667,4625.0,2.5,2.0,6
22652,2110.0,3616.6666666666665,2450.0,1.6666666666666667,1.5,6
22661,3838.181818181818,5697.272727272727,5000.0,1.8181818181818181,2.0,11
22662,3680.625,5909.0,5150.0,2.425,2.0,40
22670,3622.222222222222,5433.333333333333,4250.0,1.7777777777777777,1.0,9
22680,4240.59633027523,6602.1100917431195,5400.0,2.229357798165138,2.0,109
22691,4750.0,9650.0,7500.0,2.1,1.5,10
22692,3323.809523809524,6109.523809523809,4150.0,1.0476190476190477,1.0,21
22693,4475.0,6930.0,5500.0,1.95,2.0,20
22694,4366.666666666667,6916.666666666667,5750.0,2.0,2.0,6
23101,5742.857142857143,7785.714285714285,6500.0,3.7142857142857144,3.0,7
23102,15000.0,21666.666666666668,21000.0,8.333333333333334,10.0,3
23103,3375.0,4887.5,3925.0,0.8125,0.5,16
23109,6505.882352941177,12217.64705882353,9000.0,1.4705882352941178,0.0,17
23200,2910.676470588235,4685.576470588236,3750.0,1.6029411764705883,1.0,340
23300,3003.8813559322034,4727.395480225989,3500.0,1.5932203389830508,1.0,177
23400,3198.8709677419356,5472.258064516129,3500.0,1.8064516129032258,2.0,31
23500,2548.748201438849,3629.4748201438847,3050.0,1.330935251798561,1.0,139
23611,5120.0,8073.333333333333,5300.0,3.0,3.0,15
23612,4434.9047619047615,6076.190476190476,4500.0,2.5714285714285716,2.0,21
23619,5507.692307692308,10011.538461538461,9000.0,2.3076923076923075,2.0,13
23621,3400.0,5100.0,4250.0,1.0,1.0,1
23622,3098.675675675676,4617.594594594595,3825.0,1.445945945945946,1.0,74
23629,3103.5714285714284,4517.571428571428,3450.0,1.2857142857142858,1.5,14
24111,3846.4125475285173,5083.773764258555,4050.0,3.2243346007604563,3.0,526
24112,3862.162162162162,4940.540540540541,4000.0,2.72972972972973,3.0,37
24113,4020.689655172414,5479.310344827586,4250.0,3.2413793103448274,3.0,29
24121,5710.244897959184,10107.0,7000.0,2.5020408163265304,1.0,245
24122,20472.78947368421,25426.315789473683,9000.0,3.263157894736842,2.0,19
24131,7082.512195121952,11791.59756097561,7250.0,3.597560975609756,3.0,82
24132,5990.6878980891715,8388.713375796178,6300.0,3.605095541401274,3.0,157
24133,7305.580786026201,11966.445414847161,8000.0,4.353711790393013,3.0,229
24134,6557.636363636364,12435.424242424242,6250.0,4.424242424242424,4.0,33
24135,9903.054054054053,15879.108108108108,12981.5,5.837837837837838,5.0,37
24136,8405.333333333334,11872.0,8875.0,4.833333333333333,5.0,30
24139,8533.333333333334,16200.0,15000.0,4.333333333333333,5.0,3
24141,4800.0,7400.0,5250.0,2.2,2.0,5
24142,4670.0,6840.0,4250.0,2.4,2.0,10
24143,6400.0,10070.0,7500.0,3.7,4.0,10
24151,14131.132075471698,20544.962264150945,8000.0,3.169811320754717,3.0,53
24152,8772.57142857143,12733.857142857143,9125.0,3.857142857142857,3.0,14
24153,6928.571428571428,9500.0,7000.0,4.0,2.0,7
24154,8476.030303030304,12007.575757575758,8000.0,3.272727272727273,3.0,66
24159,18333.333333333332,23000.0,24000.0,9.0,8.0,3
24160,7541.379310344828,11293.103448275862,7500.0,4.586206896551724,5.0,29
24211,6000.0,9000.0,7500.0,6.0,6.0,2
24212,6156.519417475728,9129.121359223302,6750.0,4.203883495145631,4.0,206
24213,5415.578710644678,7884.254872563718,5500.0,4.160419790104948,3.0,667
24214,5471.242424242424,8030.30303030303,6000.0,3.606060606060606,3.0,66
24221,6177.75,8066.666666666667,5550.0,4.333333333333333,3.0,12
24222,7301.527777777777,10636.777777777777,8000.0,4.652777777777778,5.0,72
24231,3470.5128205128203,4935.25641025641,3500.0,1.6923076923076923,1.0,78
24232,3948.031496062992,5994.488188976378,4000.0,2.3464566929133857,2.0,127
24233,3306.1679536679535,4397.210424710424,3500.0,2.2606177606177607,2.0,518
24234,5666.666666666667,7583.333333333333,7000.0,3.6666666666666665,4.5,6
24240,3450.2813299232735,4884.076726342711,3800.0,1.2404092071611252,0.0,391
24251,3919.9,14389.9,4250.0,2.9,3.0,10
24252,3577.2727272727275,5154.545454545455,4000.0,1.8181818181818181,1.0,11
24291,4741.0,6414.333333333333,5500.0,3.6,3.0,15
24311,3562.375,4949.125,3500.0,2.3,2.0,40
24312,3730.0,5475.0,4250.0,4.55,5.0,20
24313,3364.2854799015586,4907.812961443807,4000.0,0.7440525020508614,0.0,1219
24314,3455.9324324324325,4885.360360360361,3750.0,1.7792792792792793,1.0,444
24315,5333.333333333333,7011.111111111111,4000.0,2.2222222222222223,1.0,9
24320,3672.405172413793,4998.324712643678,4000.0,1.514367816091954,1.0,348
24331,4397.931034482759,6163.984674329502,4500.0,2.2490421455938696,2.0,261
24332,3882.206896551724,5697.5,4125.0,2.439655172413793,2.0,116
24333,4497.894736842105,6563.284210526316,4750.0,2.6,2.0,95
24334,5260.0,7928.602150537635,4250.0,3.043010752688172,2.0,93
24339,3707.1428571428573,5878.571428571428,4450.0,2.2857142857142856,2.0,14
24351,9044.9375,11668.34375,8075.0,4.3125,3.0,32
24352,6504.545454545455,9590.90909090909,7250.0,4.181818181818182,3.0,22
24353,7913.722222222223,10925.944444444445,7000.0,4.018518518518518,3.0,108
24354,4036.6363636363635,6850.181818181818,6250.5,3.1818181818181817,3.0,11
24361,7321.357142857143,16592.785714285714,8750.0,3.0714285714285716,3.0,14
24362,5230.434782608696,7960.869565217391,6500.0,1.8695652173913044,2.0,23
25111,6437.5,9855.0,7875.0,4.4,3.5,20
25112,6559.395833333333,9330.083333333334,7500.0,4.548611111111111,5.0,288
25113,7148.827686350435,10416.234269119072,8000.0,5.163601161665054,5.0,1033
25114,7245.054945054945,10286.813186813188,8000.0,5.362637362637362,5.0,91
25121,6051.612903225807,9010.08064516129,7125.0,3.814516129032258,3.0,124
25122,6135.113636363636,9304.431818181818,7400.0,3.8636363636363638,4.0,440
25123,7299.962962962963,13140.703703703704,6500.0,4.037037037037037,4.0,27
25124,5366.666666666667,9100.0,7250.0,4.333333333333333,5.0,12
25125,7209.2786885245905,10018.032786885246,8250.0,4.967213114754099,5.0,61
25141,4931.0344827586205,9400.0,6500.0,2.7241379310344827,2.0,29
25142,6724.017241379311,10476.453201970444,7750.0,3.3226600985221677,3.0,406
25143,6900.6984126984125,10388.539682539682,8000.0,3.515873015873016,3.0,126
25151,5379.821428571428,7640.892857142857,6000.0,3.592857142857143,3.0,280
25152,7996.875,11575.0,10000.0,5.0625,4.5,32
25211,6996.825396825397,9273.015873015873,8250.0,5.0,4.0,63
25212,7867.5675675675675,11013.513513513513,9500.0,5.1891891891891895,5.0,37
25213,7047.023148148148,10181.50925925926,8000.0,5.083333333333333,5.0,216
25220,5004.592833876221,7191.889250814333,5750.0,3.530944625407166,3.0,307
25231,7173.128113879004,10344.47330960854,8250.0,5.01779359430605,5.0,281
25232,5524.358974358975,7834.615384615385,6000.0,4.371794871794871,4.0,78
25233,6480.0,9980.0,7500.0,5.866666666666666,6.0,15
25239,4815.384615384615,8223.076923076924,6150.0,2.6923076923076925,2.0,13
25241,6108.398601398601,9072.391608391608,6750.0,4.125874125874126,4.0,143
25242,5356.3125,8006.25,6725.0,2.8125,2.0,16
25243,5345.833333333333,7733.333333333333,5750.0,3.375,3.0,24
25244,6416.666666666667,10333.333333333334,7500.0,4.166666666666667,4.5,6
25245,7463.333333333333,10872.666666666666,8500.0,4.895238095238096,5.0,105
25246,6880.952380952381,9890.47619047619,7500.0,5.190476190476191,5.0,21
25247,5875.0,8325.0,5825.0,3.0,2.0,4
25249,9000.0,18000.0,13500.0,2.0,2.0,1
25291,5375.646464646465,8785.343434343435,5000.0,3.8181818181818183,3.0,99
25299,5933.333333333333,7866.666666666667,7250.0,2.6666666666666665,1.0,3
26111,7986.563218390805,15356.298850574713,9500.0,4.609195402298851,3.0,87
26112,9786.633333333333,16216.633333333333,13500.0,6.966666666666667,7.5,30
26119,6249.5,51999.5,29124.5,3.0,3.0,2
26120,1900.0,4400.0,3150.0,2.0,2.0,1
26191,2500.0,4733.333333333333,3700.0,3.6666666666666665,3.0,3
26212,3000.0,3540.0,3250.0,0.8,1.0,5
26213,7000.0,8000.0,7500.0,3.0,3.0,1
26221,2800.0,3300.0,3050.0,2.0,2.0,1
26310,5750.0,8000.0,6875.0,1.5,1.5,2
26321,3700.0,6800.0,5250.0,2.0,2.0,1
26322,6133.333333333333,9983.333333333334,6225.0,2.3333333333333335,1.0,6
26331,10500.0,18000.0,14250.0,1.0,1.0,1
26361,3216.6666666666665,4558.333333333333,3575.0,2.1666666666666665,2.0,12
26412,4050.0,6750.0,5400.0,5.0,5.0,2
26413,3740.909090909091,4718.181818181818,3525.0,2.5,2.0,22
26414,3875.0,4700.0,4325.0,2.75,2.5,4
26415,2500.0,3000.0,2750.0,1.0,1.0,1
26421,3400.0,6200.0,4500.0,1.6,1.0,5
26422,6400.0,8057.142857142857,7000.0,4.357142857142857,5.0,14
26431,3154.3333333333335,4254.0,3390.0,1.6666666666666667,1.5,12
26432,3125.0,5250.0,4250.0,2.25,1.5,4
26511,2000.0,2500.0,2250.0,1.0,1.0,1
26521,3000.0,5000.0,4000.0,3.0,3.0,1
26523,3500.0,5500.0,4500.0,3.5,3.5,2
26524,3742.8571428571427,6428.571428571428,4700.0,2.857142857142857,2.0,7
26530,2800.0,4480.0,3950.0,2.2,2.0,5
26541,3326.3636363636365,4697.727272727273,3300.0,2.4545454545454546,2.0,22
26542,3700.0,4575.0,3875.0,6.25,2.5,4
26543,8000.0,9166.0,8583.0,8.0,8.0,1
26544,3622.222222222222,4988.888888888889,3450.0,1.7777777777777777,2.0,9
26550,3730.769230769231,5861.538461538462,4900.0,2.3846153846153846,2.0,13
26561,2247.0833333333335,3410.4583333333335,3000.0,0.375,0.0,24
26569,5708.5,7875.0,6791.75,3.0,3.0,2
26611,4072.222222222222,6838.888888888889,5875.0,2.7222222222222223,3.0,18
26612,5036.363636363636,8172.727272727273,5900.0,2.909090909090909,3.0,11
26613,2760.0,3000.0,2880.0,0.5,0.5,2
26619,5850.0,11200.0,8525.0,1.5,1.5,2
26621,3773.2558139534885,4967.767441860465,4000.0,1.7209302325581395,1.0,43
26622,3427.5757575757575,4804.545454545455,3750.0,1.6666666666666667,1.0,33
26623,3003.2758620689656,3925.793103448276,3870.0,1.4137931034482758,2.0,29
26629,2675.0,3350.0,3012.5,1.5,1.5,2
26631,3416.6666666666665,4816.666666666667,3787.5,2.8333333333333335,2.5,12
26632,3383.3333333333335,3966.6666666666665,4075.0,2.0,2.0,3
26633,4223.125,6091.5625,4750.0,2.53125,3.0,32
26634,2691.266666666667,3766.84,2900.0,2.1333333333333333,2.0,75
26639,8000.0,9000.0,8500.0,8.0,8.0,1
26640,4691.304347826087,6163.913043478261,3500.0,2.4782608695652173,1.0,23
31001,3550.0,5331.25,3875.0,2.4375,1.5,16
31002,3500.0,5225.0,3125.0,3.25,1.0,8
31003,2600.0,3350.0,2975.0,1.5,1.5,2
31004,4000.0,5657.142857142857,3250.0,3.5714285714285716,1.5,14
31006,2628.5714285714284,3942.8571428571427,3350.0,1.4285714285714286,1.0,7
31009,2500.0,2800.0,2650.0,0.0,0.0,1
31111,3299.5,4553.25,3675.0,1.925,2.0,40
31112,3583.3333333333335,6350.0,4750.0,2.5,2.5,6
31119,5750.0,11000.0,8375.0,1.0,1.0,1
31121,3995.430107526882,5838.978494623656,4500.0,3.0161290322580645,3.0,186
31122,3554.285714285714,5308.571428571428,4100.0,2.5428571428571427,2.0,35
31123,3515.0,5642.5,4275.0,3.35,3.0,20
31124,4263.659466327827,6001.907242693774,4750.0,3.7827191867852603,3.0,787
31129,3000.0,4500.0,3750.0,2.0,2.0,1
31131,4104.285714285715,5959.523809523809,4750.0,3.2857142857142856,3.0,105
31132,3270.0833333333335,4289.833333333333,3075.0,2.6333333333333333,2.0,60
31141,4300.0,6300.0,5150.0,2.4761904761904763,2.0,21
31142,4308.378378378378,6694.011583011583,4950.0,2.7374517374517375,2.0,259
31143,3060.714285714286,5071.428571428572,3287.5,2.2142857142857144,2.0,14
31144,3673.3333333333335,5353.7037037037035,4250.0,3.2962962962962963,3.0,27
31151,4001.2195121951218,5785.365853658536,4150.0,3.6097560975609757,2.0,41
31152,4306.25,6206.875,4500.0,3.1625,2.0,80
31153,3292.281879194631,4693.557046979866,3600.0,2.5123042505592843,2.0,447
31161,4986.636363636364,6112.545454545455,3650.0,4.636363636363637,3.0,11
31162,4112.333333333333,5733.333333333333,4300.0,3.6666666666666665,2.5,6
31164,3052.777777777778,4130.555555555556,3550.0,1.6666666666666667,1.0,36
31171,3880.0,5200.0,3750.0,2.3,2.0,10
31172,2571.4285714285716,3257.1428571428573,3000.0,1.5714285714285714,1.0,7
31173,3959.5238095238096,5780.952380952381,4750.0,2.761904761904762,2.0,21
31174,3800.0,5366.666666666667,4300.0,2.3055555555555554,2.0,36
31175,3195.9836065573772,4468.319672131148,3200.0,2.2704918032786887,2.0,122
31181,3786.3636363636365,5772.727272727273,4250.0,2.9545454545454546,2.0,22
31182,3372.222222222222,4822.222222222223,3800.0,2.2,2.0,45
31183,3558.035714285714,5263.392857142857,4250.0,2.7767857142857144,3.0,112
31184,3171.5789473684213,4480.526315789473,3750.0,2.873684210526316,2.0,95
31185,3758.823529411765,5117.64705882353,4150.0,2.9411764705882355,3.0,17
31189,3115.2380952380954,4650.0,3750.0,2.4285714285714284,2.0,105
31211,2775.0,4800.0,3300.0,1.5416666666666667,1.0,24
31212,4335.4838709677415,9216.129032258064,4750.0,3.0,3.0,31
31213,4696.666666666667,6840.0,4750.0,3.933333333333333,2.5,30
31214,3796.2264150943397,5621.698113207547,4250.0,2.5283018867924527,2.0,53
31291,4209.090909090909,6909.090909090909,5250.0,2.4545454545454546,1.0,11
31292,1800.0,2800.0,2300.0,1.0,1.0,2
31293,5017.241379310345,7603.448275862069,5400.0,2.8620689655172415,2.0,29
31294,3209.375,5187.5,3950.0,2.59375,3.0,32
31295,3487.5,4168.75,3200.0,1.625,1.0,16
31299,4435.652173913043,6805.217391304348,5825.0,1.3043478260869565,1.0,23
31310,3862.5,5483.333333333333,4200.0,3.7708333333333335,2.0,48
31321,4250.0,5250.0,4750.0,3.0,3.0,2
31322,3080.0,3960.0,3125.0,1.9,2.0,10
31323,2733.3333333333335,4466.666666666667,3850.0,1.8571428571428572,2.0,21
31324,4257.142857142857,5800.0,4000.0,3.4761904761904763,3.0,21
31325,2500.0,3287.5,2775.0,0.875,1.0,8
31329,3181.25,4343.75,3500.0,3.0625,2.0,16
31332,5530.0,9443.333333333334,6750.0,3.2333333333333334,3.5,30
31341,3465.616666666667,5002.116666666667,3250.0,2.433333333333333,2.0,60
31350,3505.0,5301.538461538462,4000.0,2.5384615384615383,2.0,13
31392,3429.0576923076924,5209.846153846154,3575.0,1.1730769230769231,1.0,52
31411,3327.1428571428573,5050.0,3525.0,0.7142857142857143,0.5,14
31412,4083.0,6013.0,4325.0,2.488888888888889,2.0,45
31419,5342.0,8520.0,6000.0,2.4,1.0,5
31421,3000.0,3900.0,3450.0,2.0,2.0,1
31422,6375.0,12000.0,9187.5,2.5,2.5,2
31510,3833.3333333333335,5366.666666666667,4000.0,3.4,3.0,15
31521,8500.0,11500.0,10000.0,4.0,4.0,1
31522,4733.333333333333,5800.0,3975.0,1.5,1.0,6
31560,2000.0,2850.0,2425.0,0.5,0.5,2
31571,4453.75,6816.25,3900.0,3.625,3.0,16
31572,4117.0,6680.0,3600.0,2.066666666666667,2.0,15
31573,2900.0,3794.5,3419.5,1.75,1.5,4
31574,3867.4411764705883,5363.691176470588,3750.0,2.323529411764706,2.0,68
31579,3510.0,5150.0,3750.0,2.9,2.0,10
31592,11550.0,13500.0,12525.0,5.0,5.0,2
31594,2900.0,4160.0,3300.0,2.0,2.0,5
31595,2000.0,2900.0,2450.0,1.0,1.0,1
31596,1470.0,2400.0,1935.0,1.0,1.0,1
31597,2500.0,3500.0,3000.0,3.0,3.0,1
31601,2852.243902439024,3763.2195121951218,3300.0,2.2439024390243905,2.0,41
31602,2857.285714285714,3757.285714285714,3750.0,2.7142857142857144,2.0,7
31711,3571.7105263157896,4909.210526315789,4250.0,2.9342105263157894,2.0,76
31719,3473.913043478261,4691.304347826087,4000.0,2.217391304347826,2.0,23
31720,3100.0,4760.0,3750.0,2.4,2.0,5
32111,4212.5,5416.666666666667,5500.0,2.625,2.5,24
32112,4306.666666666667,6741.666666666667,5625.0,1.5,1.5,12
32119,3428.5714285714284,4628.571428571428,4400.0,1.8571428571428572,2.0,7
32120,2553.4126984126983,3560.936507936508,3000.0,1.380952380952381,1.0,63
32130,2537.9895833333335,3533.1041666666665,2850.0,0.8958333333333334,1.0,96
32141,3633.3333333333335,5833.333333333333,5000.0,2.3333333333333335,2.0,3
32142,7000.0,12500.0,9750.0,1.0,1.0,1
32143,2660.0,4380.0,4000.0,2.0,2.0,5
32200,2710.2150537634407,4162.365591397849,3000.0,1.7741935483870968,2.0,93
32300,4000.0,7500.0,5750.0,1.5,1.5,2
32400,4285.714285714285,6567.857142857143,3900.0,1.8928571428571428,2.0,28
32510,3140.6493506493507,5519.883116883117,2750.0,1.0129870129870129,1.0,77
32530,3500.0,4250.0,3875.0,1.0,1.0,2
32540,3084.1176470588234,4689.411764705882,3550.0,1.4705882352941178,1.0,34
32551,3265.0,5485.0,4275.0,1.8,1.0,20
32571,2633.3333333333335,3300.0,3150.0,1.1666666666666667,1.0,6
32572,4336.206896551724,5944.827586206897,5250.0,3.6494252873563218,3.0,174
32591,2894.5833333333335,4023.3333333333335,3500.0,1.0416666666666667,1.0,24
32599,4626.666666666667,7320.0,3850.0,2.6,2.0,15
33120,4570.869863013699,6640.404109589041,4700.0,2.780821917808219,2.0,146
33131,2704.6511627906975,3482.5581395348836,2750.0,1.872093023255814,2.0,86
33132,4359.90990990991,5774.414414414415,4050.0,2.4774774774774775,2.0,111
33133,4334.909090909091,5930.242424242424,4000.0,3.3212121212121213,3.0,165
33151,3000.0,4000.0,3500.0,5.0,5.0,1
33152,3266.326530612245,4123.877551020408,3500.0,2.122448979591837,1.0,49
33160,5552.605381165919,7764.336322869955,5250.0,3.6143497757847536,3.0,223
33211,4666.853932584269,7573.876404494382,5500.0,2.640449438202247,2.0,178
33219,6200.0,7300.0,6750.0,5.5,5.5,2
33221,4233.7537128712875,6615.8861386138615,4000.0,1.9727722772277227,1.0,808
33222,3269.445134575569,4874.132505175983,3600.0,2.0351966873706004,2.0,483
33223,3413.5528455284552,4955.835365853659,3900.0,1.0630081300813008,0.0,492
33224,4551.233687405159,6897.837632776935,4000.0,2.101669195751138,1.0,659
33225,3652.025974025974,4996.201298701299,3600.0,2.4675324675324677,2.0,154
33229,2967.1875,4317.1875,3500.0,1.1875,1.0,64
33231,3266.6666666666665,4400.0,3750.0,2.6666666666666665,2.0,33
33232,3893.6507936507937,5576.984126984127,4000.0,3.5714285714285716,2.0,63
33299,3500.0,4000.0,3750.0,2.0,2.0,1
33311,3425.8064516129034,4519.354838709677,3350.0,2.2096774193548385,2.0,62
33312,2528.5714285714284,3214.285714285714,2650.0,1.0,1.0,7
33313,2976.923076923077,3951.923076923077,3200.0,1.4230769230769231,1.0,26
33320,3118.9469964664313,4176.265017667844,3500.0,1.3568904593639577,1.0,283
33330,3251.1287553648067,5004.107296137339,4000.0,1.9399141630901287,1.0,233
33340,5793.4157303370785,9850.707865168539,4000.0,3.101123595505618,2.0,89
33391,2475.0,3350.0,2500.0,1.5,1.0,4
33392,3200.0,4437.5,3425.0,1.5,1.0,16
33393,3804.5454545454545,5690.909090909091,5000.0,2.6363636363636362,2.0,11
33394,4333.824324324324,6066.391891891892,4875.0,3.3378378378378377,3.0,74
33399,4380.0,15550.0,4750.0,2.8,1.0,10
33461,5580.0,7680.454545454545,5500.0,4.181818181818182,3.0,110
33462,4439.652173913043,6086.086956521739,4250.0,3.608695652173913,3.0,23
33491,6000.0,8000.0,7000.0,2.0,2.0,1
33492,3380.0,4630.0,3550.0,2.8,2.0,10
33493,4500.0,6000.0,5250.0,3.0,3.0,1
33494,4539.566666666667,8320.7,4750.0,3.611111111111111,3.0,90
33510,2800.0,3100.0,2950.0,1.0,1.0,3
33551,6833.333333333333,8500.0,9000.0,10.0,10.0,3
33552,4150.0,4300.0,4225.0,2.5,2.5,2
33591,3647.818181818182,4966.363636363636,5000.0,2.909090909090909,3.0,11
33592,4100.0,5200.0,4000.0,2.8,1.0,5
33593,2836.0,3555.0,2850.0,1.9,1.0,20
33601,4395.753846153846,6268.815384615385,4500.0,3.65,3.0,260
33602,4077.533039647577,5770.616740088106,4250.0,3.343612334801762,3.0,227
33603,4143.209476309227,5926.491271820449,4250.0,3.7581047381546133,3.0,401
33609,5471.739130434783,7208.695652173913,6000.0,4.608695652173913,3.0,23
34110,6368.977272727273,9090.681818181818,6250.0,3.215909090909091,2.5,88
34121,3202.182608695652,4249.4,3650.0,0.7217391304347827,0.0,115
34122,3522.273291925466,4431.652173913043,3950.0,1.9565217391304348,1.0,161
34123,3284.4590163934427,4676.983606557377,3400.0,1.5081967213114753,1.0,61
34210,3643.8596491228072,5200.0,4150.0,1.1578947368421053,1.0,57
34221,2938.362068965517,4517.8448275862065,3325.0,2.310344827586207,2.0,58
34222,3666.6666666666665,4583.333333333333,3000.0,1.8333333333333333,2.0,6
34223,2838.75,5108.59375,3525.0,1.296875,1.0,64
34224,2000.0,2500.0,2250.0,0.0,0.0,3
34229,7500.0,12000.0,9750.0,4.0,4.0,2
34310,3166.6666666666665,4260.0,2600.0,1.8,1.0,15
34321,3408.8052434456927,5321.535580524344,4000.0,2.48689138576779,2.0,267
34322,2950.0,4160.0,3050.0,2.3,2.0,10
34323,3277.5,4567.5,3400.0,2.025,2.0,40
34331,8.0,9.0,8.5,2.0,2.0,3
34332,2015.75,2728.75,2750.0,1.125,1.0,8
34341,3661.216723549488,5265.96928327645,3900.0,3.3276450511945392,3.0,586
34342,3642.0454545454545,5675.416666666667,4250.0,3.890151515151515,4.0,264
34343,2927.0632911392404,3768.240506329114,2850.0,2.430379746835443,1.0,79
34391,6016.666666666667,10833.333333333334,8025.0,4.0,5.0,6
35110,3500.0,4650.0,4075.0,2.0,2.0,2
35121,2500.0,3933.3333333333335,2900.0,2.3333333333333335,2.0,3
35122,4000.016129032258,5472.596774193548,4000.0,2.774193548387097,2.0,62
35123,3719.2640586797065,5060.359413202934,3750.0,2.3422982885085575,2.0,409
35129,2300.0,2800.0,2550.0,1.0,1.0,1
35140,3360.2,4940.2,4000.0,2.0,2.0,5
35211,2821.4285714285716,4178.571428571428,3575.0,1.4285714285714286,1.0,14
35212,2572.5806451612902,3796.7741935483873,2850.0,1.3548387096774193,1.0,62
35213,2803.3333333333335,4313.333333333333,3375.0,2.3333333333333335,2.0,6
35214,2600.0,3200.0,2900.0,3.0,3.0,1
35215,3469.9,5620.0,3975.0,1.2,1.0,10
35220,4699.55223880597,7143.731343283582,5750.0,2.7761194029850746,2.0,67
35231,2500.0,4500.0,3500.0,5.0,5.0,2
35232,5000.0,9000.0,7000.0,3.0,3.0,1
36100,2851.5956678700363,3924.1516245487364,3550.0,1.3104693140794224,1.0,277
36201,3321.116504854369,4596.689320388349,4000.0,1.8737864077669903,2.0,103
36202,1797.7586206896551,3367.5862068965516,2500.0,0.9310344827586207,1.0,29
36203,3337.294117647059,4924.941176470588,4000.0,1.7450980392156863,1.0,51
36204,2999.3939393939395,4316.161616161616,3400.0,1.494949494949495,1.0,99
36205,1625.625,3738.75,3075.0,1.9375,2.0,16
36206,1650.0,3333.3333333333335,1650.0,1.6666666666666667,1.5,12
36209,4000.0,6485.714285714285,4350.0,1.7142857142857142,1.0,7
36910,2202.3529411764707,4568.823529411765,3000.0,1.8529411764705883,2.0,34
36991,1913.3333333333333,2353.3333333333335,3000.0,1.0,1.0,3
39910,3900.0,5250.0,4575.0,2.0,2.0,2
40000,3099.0153846153844,4437.423076923077,3800.0,3.1846153846153844,2.0,130
41101,2340.05,3258.825,2725.0,1.7,1.0,40
41102,2639.760736196319,3497.2331288343557,2900.0,1.2515337423312884,1.0,163
41201,2959.7118055555557,3987.7395833333335,3250.0,1.8923611111111112,1.0,288
41202,107.0,508.0,307.5,0.0,0.0,2
41310,2200.0,2500.0,2350.0,1.0,1.0,1
41320,2154.018181818182,2753.109090909091,2350.0,1.2363636363636363,1.0,55
42111,2583.3333333333335,3054.1666666666665,2625.0,0.8333333333333334,1.0,12
42112,2600.0,3250.0,2925.0,2.0,2.0,2
42113,3080.0,4480.0,3750.0,1.6,1.0,5
42141,2784.2105263157896,3905.2631578947367,3250.0,1.7894736842105263,2.0,19
42149,2000.0,2150.0,2075.0,1.5,1.5,2
42210,3561.127049180328,4719.36475409836,4500.0,0.7459016393442623,0.0,244
42230,3022.4,3782.8,2350.0,2.0,1.0,5
42241,2417.7433628318586,3159.362831858407,2750.0,1.3274336283185841,1.0,113
42242,2642.439024390244,3675.9268292682927,2750.0,1.5853658536585367,1.0,41
42243,2228.3468013468014,3023.4680134680134,2550.0,0.9730639730639731,1.0,297
42244,2652.6666666666665,3468.1428571428573,2725.0,1.3333333333333333,1.0,42
42245,2585.1781737193764,3373.198218262806,2850.0,1.5011135857461024,1.0,449
42246,2307.8524590163934,2926.4590163934427,2650.0,1.0819672131147542,1.0,61
42247,3236.526682134571,4266.447795823666,3200.0,2.2877030162412995,2.0,431
42249,2140.0,2980.0,2650.0,0.8,1.0,5
42290,2453.235294117647,3570.176470588235,3025.0,1.1470588235294117,1.0,68
43111,1833.4444444444443,3322.222222222222,2700.0,2.0,1.0,9
43112,3048.0962962962963,3949.4925925925927,3350.0,2.238888888888889,2.0,540
43113,3046.6666666666665,3966.6666666666665,3300.0,2.0,2.0,30
43114,3132.1782608695653,4107.186956521739,3400.0,2.4347826086956523,2.0,230
43115,2940.287009063444,3779.1238670694866,3175.0,1.891238670694864,2.0,331
43116,2993.0749063670414,4176.093632958801,3300.0,1.9887640449438202,2.0,267
43119,2325.0,3037.5,2650.0,1.875,2.0,8
43121,3729.0531400966183,5407.864734299517,4200.0,2.082125603864734,2.0,207
43122,2989.5522388059703,3848.805970149254,3100.0,1.7313432835820894,1.0,67
43123,4920.0,6580.0,5125.0,2.7,2.5,10
43129,8250.0,14000.0,11125.0,5.0,5.0,2
43141,5000.0,5900.0,5450.0,1.0,1.0,1
43142,2361.1111111111113,2820.4814814814813,2950.0,0.5185185185185185,1.0,27
43151,2700.0,3785.714285714286,3250.0,2.857142857142857,3.0,7
43159,2071.4285714285716,2485.714285714286,2250.0,1.1428571428571428,1.0,7
43211,2680.0,3541.1392405063293,2750.0,1.7215189873417722,1.0,79
43212,2529.816513761468,3511.2844036697247,2750.0,2.6513761467889907,2.0,109
43219,2450.0,3100.0,2775.0,0.5,0.5,2
43221,3371.505376344086,4637.634408602151,4000.0,2.5806451612903225,2.0,93
43222,3554.5887096774195,4880.290322580645,4000.0,2.4919354838709675,2.0,124
43229,2750.0,4100.0,3425.0,4.0,4.0,2
43231,2900.818053596615,3756.5232722143865,3100.0,1.771509167842031,1.0,709
43232,2572.0,3556.0,3000.0,1.44,1.0,25
43233,2676.25,3510.9375,2900.0,1.65625,1.0,64
43239,2500.0,3500.0,3000.0,0.0,0.0,1
44110,1398.875,1586.625,2000.0,0.75,1.0,8
44122,2023.3333333333333,2563.3333333333335,2250.0,1.1333333333333333,1.0,15
44170,3100.0,4043.9024390243903,3400.0,1.8780487804878048,2.0,41
44191,4000.0,5000.0,4500.0,2.0,2.0,1
51112,4750.0,8000.0,6375.0,9.0,9.0,2
51121,2325.0,3400.0,2575.0,0.25,0.0,4
51122,1846.25,2875.0,1950.0,1.125,1.0,8
51129,2100.0,3900.0,3000.0,0.0,0.0,1
51131,2125.5,2539.4,2625.0,2.0,2.0,10
51132,1000.0,2000.0,1500.0,1.0,1.0,2
51201,3190.0604026845635,4658.120805369127,3125.0,2.3422818791946307,1.0,447
51202,4785.714285714285,7938.0952380952385,8000.0,4.523809523809524,5.0,21
51311,3033.2432432432433,4385.081081081081,3125.0,2.0135135135135136,2.0,74
51312,2343.2377049180327,3184.3524590163934,2650.0,1.1065573770491803,1.0,122
51313,3342.0384615384614,4488.961538461538,3750.0,2.5,2.0,26
51321,2813.532608695652,3597.478260869565,3100.0,1.6630434782608696,1.0,92
51322,2112.9030837004407,2786.396475770925,2550.0,1.0748898678414096,1.0,227
51330,2734.782608695652,3994.782608695652,2750.0,1.608695652173913,1.0,23
51390,2150.0,2575.0,2350.0,1.0,1.0,4
51411,3698.5620915032678,5901.699346405228,4250.0,3.3529411764705883,3.0,153
51412,3260.0,5120.0,4400.0,3.8,3.0,5
51419,1300.0,2800.0,2050.0,1.0,1.0,1
51421,3515.467105263158,5673.855263157895,4150.0,2.3157894736842106,2.0,304
51422,2695.121951219512,4760.975609756098,3750.0,2.1219512195121952,2.0,41
51423,6250.0,9500.0,7875.0,7.5,7.5,2
51491,3179.276595744681,5171.063829787234,4250.0,2.6382978723404253,2.0,235
51492,3600.0,5350.0,3575.0,1.5,1.0,6
51499,3542.1908396946565,5670.900763358779,4000.0,1.9618320610687023,2.0,131
51501,3107.5471698113206,3916.2264150943397,3500.0,2.2452830188679247,2.0,53
51502,2466.6666666666665,2866.6666666666665,2800.0,1.3333333333333333,1.0,3
51503,2387.2051282051284,3152.102564102564,2900.0,1.1282051282051282,1.0,39
51504,5000.0,11250.0,8125.0,5.5,5.5,2
51505,3057.1428571428573,3714.285714285714,3350.0,1.0,1.0,7
51701,2483.3333333333335,3233.3333333333335,2775.0,0.6666666666666666,0.5,6
51702,2590.0,3030.0,2800.0,0.6,0.0,10
51931,2671.6666666666665,3926.6666666666665,3025.0,1.0333333333333334,1.0,30
51932,2750.0,3750.0,3250.0,3.0,3.0,2
51941,1909.7826086956522,2966.8260869565215,2250.0,1.2173913043478262,1.0,23
51942,2170.909090909091,2807.2727272727275,2100.0,1.5454545454545454,1.0,11
51943,3250.0,5350.0,4500.0,3.3333333333333335,3.5,6
51944,1175.3333333333333,1916.6666666666667,1600.0,0.16666666666666666,0.0,6
51949,2400.0,3900.0,3150.0,1.0,1.0,1
51950,2775.0,4150.0,3675.0,0.5,0.5,4
51999,2551.5,3702.5,3450.0,0.3,0.0,10
52110,2997.0,3177.5,3087.25,2.0,2.0,2
52120,4425.0,5850.0,2950.0,2.5,2.0,4
52130,2125.8888888888887,3027.1111111111113,2550.0,0.873015873015873,1.0,63
52201,3530.3,5710.3,4000.0,3.68,3.0,100
52202,2556.4256,3718.208,2880.0,1.56,1.0,625
52301,2100.769230769231,2513.4615384615386,2250.0,1.0,1.0,13
52302,1985.8085106382978,2393.8936170212764,2275.0,0.48936170212765956,0.0,47
52303,3000.0,3500.0,3250.0,1.0,1.0,1
52309,12.0,14.0,13.0,0.0,0.0,1
52410,2600.0,3333.3333333333335,2700.0,1.6666666666666667,2.0,3
52421,2656.9591836734694,4228.591836734694,3400.0,0.9285714285714286,1.0,98
52422,2715.5555555555557,4613.333333333333,3400.0,1.2222222222222223,1.0,45
52440,2827.154929577465,4291.971830985915,3250.0,1.3098591549295775,1.0,71
52491,2056.5714285714284,2811.714285714286,2102.5,0.6571428571428571,0.0,35
52492,2037.3257575757575,2666.712121212121,2395.0,0.8560606060606061,1.0,132
52499,2550.0,3200.0,2675.0,1.4,1.0,10
53111,2175.0,4012.5,2925.0,0.75,1.0,8
53112,2233.3333333333335,3700.0,3050.0,1.3333333333333333,1.0,3
53113,1821.5166666666667,2275.6,2075.0,1.1,1.0,60
53114,3120.5128205128203,4374.102564102564,2920.0,1.794871794871795,1.0,39
53120,1924.0,2550.358974358974,2300.0,0.8205128205128205,1.0,39
53201,2451.535714285714,3652.9285714285716,2850.0,1.6214285714285714,1.0,140
53202,2694.6428571428573,3857.5,2650.0,1.8928571428571428,2.0,28
53203,2143.75,2944.5833333333335,2550.0,0.6875,0.5,48
53209,2602.969696969697,3867.757575757576,3000.0,1.8484848484848484,1.0,33
54110,2963.9444444444443,3636.5,3137.5,1.3333333333333333,1.5,18
54121,2801.6428571428573,3511.785714285714,3025.0,1.1428571428571428,1.0,14
54123,3770.0,4971.6,4600.0,0.4,0.0,5
54141,3130.7115384615386,4366.865384615385,3605.0,2.3461538461538463,2.0,52
54142,2277.5,2909.5833333333335,2656.25,1.75,2.0,12
54143,3139.1492537313434,3594.5671641791046,3200.0,0.9253731343283582,1.0,67
54144,2357.3529411764707,2892.3529411764707,2550.0,1.588235294117647,1.0,17
54150,1830.9411764705883,2941.235294117647,2487.5,0.8235294117647058,0.0,17
54193,4500.0,5760.0,4150.0,3.6,5.0,5
54199,3546.6666666666665,4175.333333333333,3850.0,0.5555555555555556,0.0,9
61110,3000.0,4966.666666666667,4750.0,5.666666666666667,8.0,3
61131,3062.5,3962.5,3325.0,2.625,2.5,8
61132,2950.0,4250.0,3600.0,2.5,2.5,2
61133,2933.3333333333335,3833.3333333333335,2400.0,0.3333333333333333,0.0,3
61220,1900.0,2891.6666666666665,2350.0,0.3333333333333333,0.0,6
62211,2250.0,2750.0,2500.0,0.5,0.5,2
62212,1800.0,2500.0,2150.0,0.0,0.0,2
71000,3555.612244897959,5150.255102040816,4100.0,3.270408163265306,3.0,196
71120,3275.0,5900.0,4500.0,6.0,5.0,4
71130,1750.0,2800.0,2275.0,0.5,0.5,2
71141,3228.5714285714284,4664.285714285715,3875.0,1.9285714285714286,2.0,14
71151,3467.123287671233,5304.109589041096,4100.0,3.041095890410959,3.0,73
71152,3122.222222222222,4111.111111111111,3750.0,2.6666666666666665,2.0,9
71191,2460.0,3380.0,2150.0,2.8,2.0,5
71192,3341.6666666666665,5091.666666666667,3950.0,3.6666666666666665,3.0,6
71199,1800.0,1800.0,1800.0,1.0,1.0,1
71210,3312.0,5800.0,4200.0,1.4,0.5,10
71220,3212.0,4449.0,3800.0,2.62,3.0,50
71230,3200.0,5020.588235294118,3900.0,2.235294117647059,2.0,17
71241,3666.6666666666665,5333.333333333333,3750.0,2.6666666666666665,2.0,3
71250,2800.0,3800.0,3300.0,2.0,2.0,1
71261,3485.714285714286,5219.047619047619,4000.0,2.6666666666666665,3.0,21
71262,3642.8571428571427,6328.571428571428,5250.0,5.571428571428571,5.0,7
71263,3500.0,4500.0,4000.0,2.0,2.0,2
71271,3243.5897435897436,4635.897435897436,3500.0,3.282051282051282,2.0,39
71272,2950.0,4369.841269841269,3625.0,2.4761904761904763,2.0,63
71311,3171.4285714285716,4428.571428571428,3900.0,2.0,2.0,7
71312,9000.0,12000.0,10500.0,8.0,8.0,1
71321,3033.3333333333335,4416.666666666667,3950.0,4.5,1.5,6
71322,2444.4444444444443,3522.222222222222,2900.0,2.2222222222222223,2.0,9
71323,3050.0,4383.333333333333,4075.0,3.3333333333333335,2.0,6
71331,2721.514705882353,3703.8676470588234,3000.0,2.1029411764705883,2.0,68
71332,2423.6363636363635,3091.818181818182,2150.0,1.4545454545454546,1.0,11
72000,15000.0,19000.0,17000.0,20.0,20.0,1
72110,2750.0,4350.0,3550.0,6.5,6.5,2
72120,2830.4347826086955,4009.782608695652,3525.0,2.4782608695652173,2.0,46
72130,3014.285714285714,4185.714285714285,3600.0,3.0476190476190474,3.0,21
72140,3138.6363636363635,4695.454545454545,3875.0,1.6818181818181819,1.0,22
72150,3500.0,8000.0,5750.0,1.0,1.0,1
72221,3840.0,5300.0,4500.0,6.2,5.0,5
72222,2250.0,3250.0,2750.0,0.5,0.5,2
72229,1200.0,3000.0,2100.0,3.0,3.0,1
72240,2753.846153846154,4123.076923076923,3700.0,2.923076923076923,2.0,13
72310,2674.6478873239435,3857.7464788732395,3250.0,2.8309859154929575,2.0,71
72320,3050.675675675676,4797.2972972972975,3500.0,2.3513513513513513,2.0,74
72330,2581.818181818182,3477.2727272727275,2950.0,1.9318181818181819,1.0,44
72340,2018.6666666666667,2927.0,2350.0,1.0833333333333333,0.5,12
72350,3013.6363636363635,4260.606060606061,3300.0,2.0606060606060606,2.0,66
72390,2100.0,2875.0,2487.5,2.0,2.0,2
73000,3000.0,4000.0,3500.0,3.0,3.0,1
73111,3275.0,4425.0,3750.0,2.5,2.5,4
73112,2825.0,4950.0,4000.0,2.25,2.0,4
73113,2720.6666666666665,3790.6666666666665,2850.0,1.7333333333333334,1.0,15
73130,4045.0,5234.055555555556,4000.0,2.5,1.0,18
73140,2660.0,3780.0,3100.0,0.8,1.0,5
73160,3280.0,4540.0,4000.0,4.6,5.0,5
73210,3075.0,4400.0,4050.0,3.25,3.0,4
73220,4673.0,6275.333333333333,6609.5,4.333333333333333,6.0,3
74001,3628.9473684210525,4694.736842105263,4100.0,2.8947368421052633,3.0,19
74002,3475.0,5490.625,3962.5,4.75,3.5,16
74110,3118.6046511627906,4546.899224806201,3750.0,2.565891472868217,2.0,129
74121,2500.0,3000.0,2750.0,1.0,1.0,1
74123,2543.478260869565,3578.2608695652175,2850.0,1.7826086956521738,2.0,23
74132,2750.0,3400.0,3075.0,1.5,1.5,2
74133,2660.0,3720.0,3125.0,1.9,1.0,10
74210,2275.0,3375.0,2775.0,1.75,2.0,4
74221,3433.3333333333335,4400.0,4000.0,1.6666666666666667,1.0,3
74222,2902.1111111111113,3923.809523809524,3150.0,1.2063492063492063,1.0,63
74223,2602.5,3285.0,3200.0,1.15,1.0,40
74224,3294.0,4004.0,3750.0,1.48,2.0,25
75000,2700.0,3300.0,3100.0,1.6666666666666667,2.0,3
75110,3790.0,5370.0,4150.0,2.2,1.5,10
75121,2435.845238095238,3332.8214285714284,2750.0,1.8928571428571428,1.5,84
75122,2553.2631578947367,3400.6315789473683,2800.0,1.4736842105263157,1.0,19
75150,400.0,500.0,450.0,0.0,0.0,1
75190,608.0,812.0,15.0,0.3333333333333333,0.0,3
75210,3040.0,3820.0,3000.0,0.6,0.0,5
75220,2921.4285714285716,4140.0,3750.0,1.8571428571428572,1.0,7
75290,6000.0,7000.0,6500.0,3.0,3.0,2
75310,2357.1428571428573,3685.714285714286,3500.0,2.4285714285714284,1.0,7
75320,1300.0,2600.0,1950.0,0.5,0.5,2
75340,1756.0,2506.0,2131.0,0.5,0.5,2
75361,3250.0,5250.0,4250.0,1.25,1.0,4
75410,3427.2727272727275,5609.090909090909,4500.0,2.727272727272727,2.0,11
75440,2375.862068965517,3327.5862068965516,2650.0,1.4137931034482758,1.0,29
81000,3385.057471264368,4944.827586206897,4000.0,3.2528735632183907,2.0,87
81130,2755.5555555555557,3811.1111111111113,2900.0,2.111111111111111,2.0,9
81140,4400.0,5500.0,4725.0,2.3333333333333335,3.0,6
81210,3800.0,5100.0,4450.0,2.0,2.0,2
81220,2320.279069767442,3249.9651162790697,2650.0,1.4069767441860466,1.0,86
81230,2000.0,2500.0,2250.0,1.0,1.0,1
81240,2340.0,3580.0,2300.0,2.0,2.0,5
81251,2460.0,3560.0,2900.0,1.6,1.0,5
81252,2316.6666666666665,3333.3333333333335,2650.0,2.9166666666666665,2.0,12
81311,2802.8571428571427,3960.8285714285716,3000.0,1.6571428571428573,1.0,35
81312,3726.3636363636365,5170.454545454545,4250.0,2.0,2.0,22
81320,4025.0,6100.0,5275.0,2.8,2.0,10
81410,2080.0,2560.0,2150.0,0.8,0.0,5
81420,2863.6153846153848,4009.025641025641,2750.0,1.641025641025641,1.0,39
81430,2212.1111111111113,2742.1388888888887,2250.0,1.2222222222222223,1.0,36
81501,2225.0,2975.0,2325.0,1.375,1.0,8
81502,1938.8235294117646,2770.0,1900.0,0.9411764705882353,0.0,17
81601,2617.7818181818184,3655.7454545454543,3000.0,1.509090909090909,1.0,55
81602,1550.0,2100.0,1825.0,0.0,0.0,2
81603,2050.0,3500.0,2775.0,0.5,0.5,2
81604,3000.0,4325.0,3750.0,1.75,1.5,4
81700,2191.6666666666665,2966.6666666666665,2350.0,1.1666666666666667,1.0,12
81810,2500.0,3000.0,2750.0,2.0,2.0,1
81821,3120.0,4700.0,4000.0,3.2,3.0,5
81822,9000.0,15000.0,12000.0,2.0,2.0,1
81830,1750.056338028169,2086.281690140845,2000.0,0.49295774647887325,0.0,71
81841,2221.4285714285716,2821.4285714285716,2500.0,1.3571428571428572,1.0,14
82000,3100.0,4340.0,3500.0,2.4,2.0,35
82110,2520.484375,3409.5625,2725.0,1.609375,1.0,64
82121,2284.375,3306.25,2750.0,1.0,1.0,16
82122,3412.5,5200.0,2750.0,1.75,1.0,8
82123,4766.666666666667,6666.666666666667,5000.0,2.6666666666666665,2.0,3
82131,2880.8,3810.3,2850.0,2.06,2.0,100
82132,2633.3333333333335,3725.0,3000.0,2.2916666666666665,2.0,24
82139,2000.0,3000.0,2500.0,1.5,1.5,2
82190,4933.333333333333,7366.666666666667,2950.0,4.0,2.0,3
83000,2850.0,3775.0,3550.0,2.25,3.0,4
83110,2664.0,4045.5,3787.5,1.125,1.0,8
83211,3841.12,5717.84,5000.0,0.12,0.0,125
83212,2616.6666666666665,4375.0,3487.5,2.0,2.0,6
83221,1953.3333333333333,2353.3333333333335,1730.0,0.6666666666666666,0.0,3
83222,3007.2380952380954,4012.3809523809523,3100.0,2.704761904761905,3.0,105
83223,2668.837638376384,3952.029520295203,2950.0,1.970479704797048,2.0,271
83224,2276.3888888888887,3025.0,2600.0,1.1388888888888888,1.0,36
83225,2715.057142857143,3555.0857142857144,2650.0,1.6571428571428573,1.0,35
83226,3155.5555555555557,3877.777777777778,3750.0,2.4444444444444446,3.0,9
83229,2128.5714285714284,3142.8571428571427,2800.0,1.0,1.0,7
83311,2981.141304347826,4356.521739130435,3500.0,2.0869565217391304,2.0,92
83312,2360.0,2827.5,2850.0,0.875,0.0,8
83321,2870.3365384615386,3988.0048076923076,3275.0,2.0048076923076925,2.0,208
83322,3308.0,4850.0,4237.5,2.1166666666666667,1.5,60
83323,3065.0,4462.5,4000.0,2.225,2.0,40
83324,2752.3809523809523,4071.4285714285716,3150.0,1.380952380952381,1.0,21
83329,3491.6666666666665,5158.333333333333,3750.0,3.6666666666666665,2.0,12
83421,3186.6666666666665,4793.333333333333,3900.0,1.4666666666666666,1.0,15
83422,2800.0,4500.0,3650.0,2.0,2.0,1
83423,4450.0,5375.0,5125.0,4.75,4.0,4
83424,4900.0,7062.5,5250.0,5.4375,5.0,16
83431,2904.9583333333335,4330.208333333333,3450.0,2.9166666666666665,2.0,24
83432,3326.285714285714,4740.571428571428,4000.0,3.3142857142857145,3.0,35
83441,2429.5258620689656,3103.2327586206898,2500.0,1.9310344827586208,1.0,116
83449,1800.0,2500.0,2150.0,1.5,1.5,2
83492,2846.6666666666665,3688.3333333333335,3287.5,2.3333333333333335,2.0,18
83499,1950.0,2350.0,2150.0,0.5,0.5,2
83501,2337.5,2772.5,2652.5,0.75,1.0,4
83509,3154.5454545454545,3972.7272727272725,3750.0,1.0909090909090908,1.0,11
91000,3261.75,4658.916666666667,3750.0,2.4,2.0,180
91121,2181.818181818182,2800.0,2200.0,1.0,1.0,11
91122,1888.9655172413793,2369.4827586206898,2025.0,0.9827586206896551,1.0,58
91131,1706.6233766233765,2098.2597402597403,1900.0,0.987012987012987,1.0,77
91132,1715.8,1957.0,2120.0,0.4,0.0,10
91133,2584.5454545454545,3435.4545454545455,2500.0,1.4545454545454546,1.0,11
91151,1849.3063063063064,2219.2792792792793,2150.0,0.8198198198198198,1.0,111
91152,2400.0,2600.0,2500.0,0.0,0.0,1
91153,1756.2340425531916,2286.68085106383,2150.0,0.46808510638297873,0.0,47
91154,2180.0,2200.0,2190.0,0.0,0.0,1
91161,1350.7857142857142,1683.642857142857,1875.0,0.5714285714285714,1.0,14
91162,2500.0,3200.0,2850.0,1.0,1.0,1
91210,2076.25,2562.5,2150.0,0.625,0.5,8
91220,2214.705882352941,3367.6470588235293,2600.0,0.7058823529411765,0.0,17
91230,3900.0,5750.0,4825.0,3.5,3.5,2
91291,3500.0,7500.0,5500.0,3.5,3.5,2
91292,2041.6666666666667,3041.6666666666665,2550.0,1.5,1.5,12
91300,1410.8333333333333,2302.5,2075.0,0.75,1.0,12
92141,3333.3333333333335,4833.333333333333,4000.0,3.3333333333333335,3.0,3
92142,1947.4,2428.2,2025.0,1.0,1.0,25
92149,1900.0,2300.0,2100.0,2.0,2.0,1
93100,3233.3333333333335,4741.666666666667,4000.0,2.888888888888889,2.0,36
93201,1650.0,1900.0,1775.0,0.5,0.5,2
93209,1750.0,2050.0,1975.0,0.5,0.5,4
93310,2200.0,3000.0,2600.0,1.0,1.0,1
93331,2971.4285714285716,3735.714285714286,2900.0,1.0,1.0,7
93332,1502.0,2002.25,2125.0,0.75,0.5,4
93333,2636.3636363636365,3600.0,3000.0,2.227272727272727,1.5,22
93334,2201.4682997118157,2815.378962536023,2400.0,1.244956772334294,1.0,694
93335,2481.698113207547,3686.4150943396226,2950.0,1.8113207547169812,2.0,53
93336,3233.3333333333335,4333.333333333333,3750.0,3.0,3.0,3
93337,3275.0,4125.0,3725.0,1.0,0.5,4
93339,2463.809523809524,3104.7619047619046,2600.0,1.0952380952380953,1.0,21
94101,2642.465277777778,4236.1875,3400.0,2.736111111111111,2.0,144
94102,2439.722222222222,3259.222222222222,2900.0,1.2777777777777777,1.0,36
94103,2914.5,4542.5,2875.0,1.575,1.0,40
94104,2050.0,2625.0,2250.0,0.5,0.5,4
96000,4248.387096774193,5241.935483870968,4100.0,2.967741935483871,2.0,31
96101,2846.6666666666665,3413.3333333333335,2740.0,1.0,1.0,3
96102,2530.0,3000.0,2765.0,0.0,0.0,1
96109,3292.5,4517.5,3475.0,1.75,1.5,4
96212,1955.8823529411766,2315.705882352941,2150.0,0.6470588235294118,1.0,17
96213,1862.5,2200.0,2125.0,4.125,0.5,8
96251,2370.222222222222,3050.2444444444445,2750.0,1.3111111111111111,1.0,45
96252,2334.222222222222,3221.10101010101,2450.0,1.2222222222222223,1.0,99
96253,2407.4811715481173,3485.531380753138,2750.0,1.1464435146443515,1.0,239
96254,2463.269230769231,2975.3846153846152,2515.0,1.1923076923076923,1.0,26
96255,924.8,1285.0,549.0,0.4,0.0,5
96256,1901.1,2511.15,2100.0,0.95,0.5,20
96257,1775.7142857142858,2256.190476190476,2100.0,0.8095238095238095,1.0,21
96259,2636.137931034483,3812.206896551724,3400.0,1.3793103448275863,1.0,29
96261,2920.0,3736.6666666666665,3195.0,1.6666666666666667,2.0,24
96262,2430.0,2833.3333333333335,2487.5,1.4444444444444444,1.0,9
96269,2850.0,3450.0,2525.0,1.5,1.5,4
96271,2757.1428571428573,3395.2380952380954,2800.0,2.2857142857142856,2.0,21
96272,2139.0666666666666,2688.4,2500.0,1.3333333333333333,1.0,15
96291,7.0,15.0,11.0,0.0,0.0,1
96292,6666.666666666667,10833.333333333334,9750.0,5.0,7.0,3
96293,2580.769230769231,4230.7692307692305,3350.0,2.6923076923076925,1.0,13
96299,2553.75,3988.1875,4000.0,0.6875,1.0,16
